{
  "variables": {
      "version": "11.0.0",
      "vm_name": "debian-{{ user `version` }}",
      "numvcpus": "1",
      "memsize": "1024",
      "disk_size": "8192",
      "iso_url": "https://cdimage.debian.org/mirror/cdimage/archive/{{ user `version` }}/amd64/iso-cd/debian-{{ user `version` }}-amd64-netinst.iso",
      "iso_checksum_url": "https://cdimage.debian.org/mirror/cdimage/archive/{{ user `version` }}/amd64/iso-cd/SHA256SUMS",
      "ssh_username" : "vagrant",
      "ssh_password" : "vagrant",
      "boot_wait": "5s"
    },
  "builders": [
      {
        "type": "vmware-iso",
        "boot_command": [
          "<esc><wait>",
          "auto ",
          "preseed/url=http://{{ .HTTPIP }}:{{ .HTTPPort }}/preseed.cfg<wait>",
          "<enter>"
        ],
        "boot_wait": "{{ user `boot_wait` }}",
        "disk_size": "{{ user `disk_size` }}",
        "disk_type_id": "0",
        "guest_os_type": "debian7-64",
        "headless": false,
        "http_directory": "http",
        "iso_checksum": "file:{{ user `iso_checksum_url` }}",
        "iso_url": "{{ user `iso_url` }}",
        "shutdown_command": "echo 'packer'|sudo -S shutdown -P now",
        "ssh_password": "{{ user `ssh_password` }}",
        "ssh_port": 22,
        "ssh_username": "{{ user `ssh_username` }}",
        "ssh_timeout": "30m",
        "vm_name": "{{ user `vm_name` }}",
        "vmx_data": {
          "memsize": "{{ user `memsize` }}",
          "numvcpus": "{{ user `numvcpus` }}",
          "virtualHW.version": "9"
        }
      },
      {
        "type": "virtualbox-iso",
        "boot_command": [
          "<esc><wait>",
          "auto ",
          "preseed/url=http://{{ .HTTPIP }}:{{ .HTTPPort }}/preseed.cfg<wait>",
          "<enter>"
        ],
        "boot_wait": "{{ user `boot_wait` }}",
        "disk_size": "{{ user `disk_size` }}",
        "headless": false,
        "guest_os_type": "Debian_64",
        "http_directory": "http",
        "iso_checksum": "file:{{ user `iso_checksum_url` }}",
        "iso_url": "{{ user `iso_url` }}",
        "shutdown_command": "echo 'packer'|sudo -S shutdown -P now",
        "ssh_password": "{{ user `ssh_password` }}",
        "ssh_port": 22,
        "ssh_username": "{{ user `ssh_username` }}",
        "ssh_timeout": "30m",
        "vm_name": "{{ user `vm_name` }}",
        "vboxmanage": [
          ["modifyvm", "{{.Name}}", "--memory", "{{ user `memsize` }}"],
          ["modifyvm", "{{.Name}}", "--cpus", "{{ user `numvcpus` }}"]
        ]
      }
  ],
  "provisioners": [
    {
      "type": "shell",
      "execute_command": "echo 'vagrant'|{{.Vars}} sudo -S -E bash '{{.Path}}'",
      "inline": [
        "apt-get -y update && apt-get -y upgrade"
      ]
    },
    {
      "type": "shell",
      "execute_command": "echo 'vagrant'|{{.Vars}} sudo -S -E bash '{{.Path}}'",
      "scripts": ["scripts/minimize.sh"]
    },
    {
      "type": "shell",
      "execute_command": "echo 'vagrant'|{{.Vars}} sudo -S -E bash '{{.Path}}'",
      "scripts": ["scripts/vagrant.sh"]
    },
    {
      "type": "shell",
      "execute_command": "echo 'vagrant'|{{.Vars}} sudo -S -E bash '{{.Path}}'",
      "scripts": ["scripts/motd.sh"]
    },
    {
      "type": "shell",
      "execute_command": "echo 'vagrant'|{{.Vars}} sudo -S -E bash '{{.Path}}'",
      "scripts": ["scripts/sshd.sh"]
    }
  ],
  "post-processors": [
    {
      "type": "vagrant",
      "keep_input_artifact": false,
      "provider_override": "virtualbox",
      "output": "{{ user `vmname` }}.box"
    }
  ]
}

